{
    "name": "rays_imagenet",
    "start time": "2022-06-27 11:17:40.178550",
    "result": {
        "1": {
            "d_t": 272.87481689453125,
            "adbd": 0.5269041061401367,
            "queries": 20.0,
            "rob acc": 0.90625
        },
        "2": {
            "d_t": 210.9623260498047,
            "adbd": 0.40735507011413574,
            "queries": 21.0,
            "rob acc": 0.875
        },
        "3": {
            "d_t": 182.85000610351562,
            "adbd": 0.353071928024292,
            "queries": 22.0,
            "rob acc": 0.8125
        },
        "4": {
            "d_t": 144.23065185546875,
            "adbd": 0.27850037813186646,
            "queries": 23.0,
            "rob acc": 0.75
        },
        "5": {
            "d_t": 138.218017578125,
            "adbd": 0.26689037680625916,
            "queries": 24.0,
            "rob acc": 0.71875
        },
        "6": {
            "d_t": 133.44146728515625,
            "adbd": 0.2576671838760376,
            "queries": 25.0,
            "rob acc": 0.71875
        },
        "7": {
            "d_t": 127.64203643798828,
            "adbd": 0.24646879732608795,
            "queries": 26.0,
            "rob acc": 0.71875
        },
        "8": {
            "d_t": 115.20861053466797,
            "adbd": 0.22246062755584717,
            "queries": 27.0,
            "rob acc": 0.6875
        },
        "9": {
            "d_t": 107.8797836303711,
            "adbd": 0.2083091288805008,
            "queries": 36.0,
            "rob acc": 0.6875
        },
        "10": {
            "d_t": 104.24720764160156,
            "adbd": 0.20129485428333282,
            "queries": 38.0,
            "rob acc": 0.6875
        },
        "11": {
            "d_t": 99.55050659179688,
            "adbd": 0.19222581386566162,
            "queries": 40.0,
            "rob acc": 0.6875
        },
        "12": {
            "d_t": 97.33340454101562,
            "adbd": 0.18794474005699158,
            "queries": 42.0,
            "rob acc": 0.6875
        },
        "13": {
            "d_t": 95.68128967285156,
            "adbd": 0.18475459516048431,
            "queries": 44.0,
            "rob acc": 0.6875
        },
        "14": {
            "d_t": 91.2481689453125,
            "adbd": 0.17619451880455017,
            "queries": 46.0,
            "rob acc": 0.6875
        },
        "15": {
            "d_t": 88.56103515625,
            "adbd": 0.17100584506988525,
            "queries": 48.0,
            "rob acc": 0.6875
        },
        "16": {
            "d_t": 88.11443328857422,
            "adbd": 0.1701434701681137,
            "queries": 50.0,
            "rob acc": 0.6875
        },
        "17": {
            "d_t": 87.07572937011719,
            "adbd": 0.168137788772583,
            "queries": 52.0,
            "rob acc": 0.6875
        },
        "18": {
            "d_t": 86.5670394897461,
            "adbd": 0.16715554893016815,
            "queries": 54.0,
            "rob acc": 0.65625
        },
        "19": {
            "d_t": 85.89286804199219,
            "adbd": 0.16585376858711243,
            "queries": 56.0,
            "rob acc": 0.65625
        },
        "20": {
            "d_t": 85.89286804199219,
            "adbd": 0.16585376858711243,
            "queries": 58.0,
            "rob acc": 0.65625
        },
        "21": {
            "d_t": 85.89286804199219,
            "adbd": 0.16585376858711243,
            "queries": 60.0,
            "rob acc": 0.65625
        },
        "22": {
            "d_t": 85.89286804199219,
            "adbd": 0.16585376858711243,
            "queries": 62.0,
            "rob acc": 0.65625
        },
        "23": {
            "d_t": 85.89286804199219,
            "adbd": 0.16585376858711243,
            "queries": 64.0,
            "rob acc": 0.65625
        },
        "24": {
            "d_t": 84.49199676513672,
            "adbd": 0.16314876079559326,
            "queries": 66.0,
            "rob acc": 0.65625
        },
        "25": {
            "d_t": 84.49199676513672,
            "adbd": 0.16314876079559326,
            "queries": 68.0,
            "rob acc": 0.65625
        },
        "26": {
            "d_t": 84.49199676513672,
            "adbd": 0.16314876079559326,
            "queries": 70.0,
            "rob acc": 0.65625
        },
        "27": {
            "d_t": 84.49199676513672,
            "adbd": 0.16314876079559326,
            "queries": 72.0,
            "rob acc": 0.65625
        },
        "28": {
            "d_t": 84.49199676513672,
            "adbd": 0.16314876079559326,
            "queries": 74.0,
            "rob acc": 0.65625
        },
        "29": {
            "d_t": 84.49199676513672,
            "adbd": 0.16314876079559326,
            "queries": 76.0,
            "rob acc": 0.65625
        },
        "30": {
            "d_t": 84.49199676513672,
            "adbd": 0.16314876079559326,
            "queries": 78.0,
            "rob acc": 0.65625
        },
        "31": {
            "d_t": 84.49199676513672,
            "adbd": 0.16314876079559326,
            "queries": 80.0,
            "rob acc": 0.65625
        },
        "32": {
            "d_t": 84.48175811767578,
            "adbd": 0.16312898695468903,
            "queries": 82.0,
            "rob acc": 0.65625
        },
        "33": {
            "d_t": 84.48175811767578,
            "adbd": 0.16312898695468903,
            "queries": 84.0,
            "rob acc": 0.65625
        },
        "34": {
            "d_t": 84.48175811767578,
            "adbd": 0.16312898695468903,
            "queries": 86.0,
            "rob acc": 0.65625
        },
        "35": {
            "d_t": 84.48175811767578,
            "adbd": 0.16312898695468903,
            "queries": 88.0,
            "rob acc": 0.65625
        },
        "36": {
            "d_t": 84.48175811767578,
            "adbd": 0.16312898695468903,
            "queries": 90.0,
            "rob acc": 0.65625
        },
        "37": {
            "d_t": 84.48175811767578,
            "adbd": 0.16312898695468903,
            "queries": 92.0,
            "rob acc": 0.65625
        },
        "38": {
            "d_t": 84.48175811767578,
            "adbd": 0.16312898695468903,
            "queries": 94.0,
            "rob acc": 0.65625
        },
        "39": {
            "d_t": 84.48175811767578,
            "adbd": 0.16312898695468903,
            "queries": 96.0,
            "rob acc": 0.65625
        },
        "40": {
            "d_t": 84.48175811767578,
            "adbd": 0.16312898695468903,
            "queries": 98.0,
            "rob acc": 0.65625
        }
    },
    "save time": "2022-06-27 11:17:51.663414"
}